#obsHistID, mjd
840,59581.087639999998
841,59581.088123000001
842,59581.088608999999
843,59581.089086
844,59581.089532999998
845,59581.089978000004
846,59581.090465000001
847,59581.090950999998
848,59581.091435000002
